<?xml version="1.0" encoding="UTF-8"?>
<!DOCTYPE mapper PUBLIC "-//mybatis.org//DTD Mapper 3.0//EN" "http://mybatis.org/dtd/mybatis-3-mapper.dtd">
<mapper namespace="com.dg.mapper.ReplyMapper">

	<!--댓글 입력  -->
	<!--SQL의 default는 insert할때만 입력안헀을 시 적용, 너무 당연한거   -->
	<insert id="insertReply">
		<selectKey keyProperty="rno" order="BEFORE" resultType="long">
			SELECT SEQ_DSREPLY.NEXTVAL FROM DUAL
		</selectKey>
		INSERT INTO DS_REPLY(RNO, BNO, BOARDNUM, REPLY, REPLYER)
		VALUES(#{rno}, #{bno}, #{boardNum}, #{reply}, #{replyer})
	</insert>
	
	<!--댓글 수정  -->
	<update id="modifyReply" >
		UPDATE DS_REPLY
		SET REPLY =#{reply}, UPDATEDATE=SYSDATE
		WHERE RNO =#{rno}
	</update>
	<!--댓글 삭제  -->
	<delete id="deleteReply">
		DELETE DS_REPLY WHERE RNO = #{rno}
	</delete>
	<!--해당  댓글 조회  --><!--SELECT에서 resultType은 생략불가  -->
	<select id="getReply" resultType="com.dg.domain.ReplyVO">
		SELECT RNO, BNO, BOARDNUM, REPLY, REPLYER, REPLYDATE, UPDATEDATE FROM DS_REPLY WHERE RNO =#{rno}
	</select>
	<!--전체 댓글 개수  -->
	<select id="totalReplyCnt" resultType="_int">
		SELECT COUNT(RNO) FROM DS_REPLY WHERE BNO =#{bno}
	</select>
	
	<!--댓글 페이징처리  -->
	<select id="getListWithPaging" resultType="com.dg.domain.ReplyVO">
		<![CDATA[SELECT RNO, BNO,BOARDNUM, REPLY, REPLYER, REPLYDATE, UPDATEDATE
		FROM ( SELECT /*+INDEX_DESC(DS_REPLY PK_DSREPLY)*/
		ROWNUM RN, RNO, BNO, BOARDNUM, REPLY, REPLYER, REPLYDATE, UPDATEDATE
		FROM DS_REPLY
		WHERE BNO =#{bno}
		AND ROWNUM <= #{cri.pageNum} * #{cri.amount})
		WHERE RN > (#{cri.pageNum}-1) * #{cri.amount} ]]>
	</select>
	
	
	
</mapper>