<?xml version="1.0" encoding="UTF-8"?>
<beans xmlns="http://www.springframework.org/schema/beans"
   xmlns:xsi="http://www.w3.org/2001/XMLSchema-instance"
   xmlns:context="http://www.springframework.org/schema/context"
   xmlns:mybatis-spring="http://mybatis.org/schema/mybatis-spring"
   xsi:schemaLocation="http://mybatis.org/schema/mybatis-spring http://mybatis.org/schema/mybatis-spring-1.2.xsd
      http://www.springframework.org/schema/beans https://www.springframework.org/schema/beans/spring-beans.xsd
      http://www.springframework.org/schema/context http://www.springframework.org/schema/context/spring-context-4.3.xsd">

   <!-- Root Context: defines shared resources visible to all other web components -->
   <!-- HikariConfig hikariConfig = new HikariConfig() -->
   <!-- hikariConfig.setDriverClassName("") -->
   <!-- hikariConfig.jdbcUrl("") -->
   <!-- hikariConfig.username("") -->
   <!-- hikariConfig.password("") -->
   <bean id="hikariConfig" class="com.zaxxer.hikari.HikariConfig">
      <!-- <property name="driverClassName" value="oracle.jdbc.driver.OracleDriver"/> 
         <property name="jdbcUrl" value="jdbc:oracle:thin:@localhost:1521:XE"/> -->
      <property name="driverClassName"
         value="net.sf.log4jdbc.sql.jdbcapi.DriverSpy" />
      <property name="jdbcUrl"
         value="jdbc:log4jdbc:oracle:thin:@localhost:1521:XE" />
      <property name="username" value="hr" />
      <property name="password" value="hr" />
   </bean>

   <!-- DataSource dataSource = new DataSource(hikariConfig) -->
   <bean id="dataSource" class="com.zaxxer.hikari.HikariDataSource"
      destroy-method="close">
      <constructor-arg ref="hikariConfig" />
   </bean>
   <!--DB의 쿼리를 작성하는 .xml을 오라클과 연동하기 위한 객체 선언  -->
   <bean id="sqlSessionFactory"
      class="org.mybatis.spring.SqlSessionFactoryBean">
      <property name="dataSource" ref="dataSource" />
      <property name="mapperLocations"
         value="classpath:/META-INF/com/dg/mapper/**/*.xml" />
         
      <!--카멜표기법으로 바꿔주는 라이브러리 선언(configuration) -->
      <property name="configuration">
         <bean class="org.apache.ibatis.session.Configuration">
            <property name="mapUnderscoreToCamelCase" value="true" />
         </bean>
      </property>
      <!-- <property name="configLocation" value="classpath:/META-INF/com/koreait/config/MapperConfig.xml"/> -->
   </bean>
   
   <!-- 해당 패키지안에 모든 마이바티스 관련 어노테이션을 찾아서 처리해주겠다. -->
   <mybatis-spring:scan
      base-package="com.dg.mapper" />
      
      <!--해당 패키지안에 @component 등 표시가 있다면 객체로 만들겠다.  -->
   <context:component-scan
      base-package="com.dg.service" />
      
      <context:component-scan base-package="com.dg.exception"/> <!--500에러를 잡기위해  -->
</beans>














